{"cameraMode":{"drawMode":0,"name":"Shaded","section":"Shading Mode"},"sceneLighting":true,"audioPlay":false,"sceneViewState":{"showFog":true,"showMaterialUpdate":false,"showSkybox":true,"showFlares":true,"showImageEffects":true,"showParticleSystems":true},"in2DMode":false,"pivot":{"x":-6.3401641845703129,"y":-6.119729042053223,"z":13.352458953857422},"rotation":{"x":0.2737427353858948,"y":-0.46041691303253176,"z":0.15172243118286134,"w":0.8306993842124939},"size":17.50018310546875,"orthographic":false}