{"cameraMode":{"drawMode":0,"name":"Shaded","section":"Shading Mode"},"sceneLighting":true,"audioPlay":false,"sceneViewState":{"showFog":true,"showMaterialUpdate":false,"showSkybox":true,"showFlares":true,"showImageEffects":true,"showParticleSystems":true},"in2DMode":false,"pivot":{"x":-4.4279069900512699,"y":-16.03923225402832,"z":11.44457721710205},"rotation":{"x":-0.4180784225463867,"y":0.11853454262018204,"z":-0.05512508004903793,"w":-0.8989556431770325},"size":23.334524154663087,"orthographic":false}